UPI_Banks,Volume_Mn_By_Customers,Volume_Mn,Value_Cr,Month,Year,Total_Value_Cr,Total_Volume_Mn
Airtel Payments Bank Apps,9.04,15.12,5732.09,12,2021.0,7980.58,24.16
Airtel Payments Bank Apps,8.41,15.9,5554.63,11,2021.0,7478.58,24.31
Airtel Payments Bank Apps,7.6,14.31,4746.79,10,2021.0,6238.13,21.91
Airtel Payments Bank Apps,6.91,11.52,3759.12,9,2021.0,5280.04,18.43
Airtel Payments Bank Apps,6.14,9.31,2941.88,8,2021.0,4338.530000000001,15.45
Airtel Payments Bank Apps,5.79,7.36,2342.76,7,2021.0,3876.97,13.15
Airtel Payments Bank Apps,5.06,6.69,2821.94,6,2021.0,4145.2,11.75
Airtel Payments Bank Apps,4.06,4.06,429.12,5,2021.0,858.24,8.12
Airtel Payments Bank Apps,3.53,14.7,11172.43,4,2021.0,11536.09,18.23
Airtel Payments Bank Apps,3.79,3.79,381.74,3,2021.0,763.48,7.58
Airtel Payments Bank Apps,3.33,3.33,348.7,2,2021.0,697.4,6.66
Airtel Payments Bank Apps,3.71,3.71,355.77,1,2021.0,711.54,7.42
Allahabad Bank App,0.02,0.02,7.43,12,2021.0,14.86,0.04
Allahabad Bank App,0.02,0.02,6.28,11,2021.0,12.56,0.04
Allahabad Bank App,0.02,0.02,6.35,10,2021.0,12.7,0.04
Allahabad Bank App,0.02,0.02,5.34,9,2021.0,10.68,0.04
Allahabad Bank App,0.01,0.01,4.44,8,2021.0,8.88,0.02
Allahabad Bank App,0.01,0.01,2.03,7,2021.0,4.06,0.02
Allahabad Bank App,0.01,0.01,4.43,5,2021.0,8.86,0.02
Allahabad Bank App,0.02,0.02,5.21,4,2021.0,10.42,0.04
Allahabad Bank App,0.05,0.05,13.51,3,2021.0,27.02,0.1
Allahabad Bank App,0.05,0.05,12.23,2,2021.0,24.46,0.1
Allahabad Bank App,0.09,0.09,21.14,1,2021.0,42.28,0.18
Amazon Pay,76.18,76.18,6641.62,12,2021.0,13283.24,152.36
Amazon Pay,71.04,71.04,6041.96,11,2021.0,12083.92,142.08
Amazon Pay,68.82,68.82,6286.6,10,2021.0,12573.2,137.64
Amazon Pay,62.9,62.9,5267.79,9,2021.0,10535.58,125.8
Amazon Pay,60.67,60.67,5297.16,8,2021.0,10594.32,121.34
Amazon Pay,62.83,62.83,5223.57,7,2021.0,10447.14,125.66
Amazon Pay,51.34,51.34,4814.74,6,2021.0,9629.48,102.68
Amazon Pay,58.35,58.35,4782.59,5,2021.0,9565.18,116.7
Amazon Pay,49.12,49.12,4272.47,4,2021.0,8544.94,98.24
Amazon Pay,52.38,52.38,4457.47,3,2021.0,8914.94,104.76
Amazon Pay,44.22,44.22,3831.99,2,2021.0,7663.98,88.44
Amazon Pay,46.3,46.3,4044.38,1,2021.0,8088.76,92.6
Andhra Bank App,0.02,0.02,13.32,1,2021.0,26.64,0.04
AU Small Finance Bank App,0.21,0.21,76.22,12,2021.0,152.44,0.42
AU Small Finance Bank App,0.17,0.17,67.04,11,2021.0,134.08,0.34
AU Small Finance Bank App,0.16,0.16,62.15,10,2021.0,124.3,0.32
AU Small Finance Bank App,0.13,0.13,46.49,9,2021.0,92.98,0.26
AU Small Finance Bank App,0.1,0.1,38.53,8,2021.0,77.06,0.2
AU Small Finance Bank App,0.08,0.08,33.12,7,2021.0,66.24,0.16
AU Small Finance Bank App,0.05,0.05,25.43,6,2021.0,50.86,0.1
AU Small Finance Bank App,0.04,0.04,20.29,5,2021.0,40.58,0.08
AU Small Finance Bank App,0.04,0.04,20.23,4,2021.0,40.46,0.08
AU Small Finance Bank App,0.04,0.04,21.33,3,2021.0,42.66,0.08
AU Small Finance Bank App,0.03,0.03,15.48,2,2021.0,30.96,0.06
AU Small Finance Bank App,0.02,0.02,12.28,1,2021.0,24.56,0.04
Axis Bank Apps,6.63,59.85,957.37,12,2021.0,1873.95,66.48
Axis Bank Apps,6.71,70.83,920.76,11,2021.0,1795.85,77.53999999999999
Axis Bank Apps,8.4,69.28,1005.7,10,2021.0,1968.84,77.68
Axis Bank Apps,7.37,59.13,832.73,9,2021.0,1621.24,66.5
Axis Bank Apps,10.11,87.49,959.73,8,2021.0,1850.23,97.6
Axis Bank Apps,10.08,74.13,941.35,7,2021.0,1832.61,84.21
Axis Bank Apps,9.77,61.92,857.05,6,2021.0,1679.64,71.69
Axis Bank Apps,10.27,68.9,806.31,5,2021.0,1575.38,79.17
Axis Bank Apps,9.72,80.52,747.46,4,2021.0,1445.33,90.24
Axis Bank Apps,8.56,72.87,748.91,3,2021.0,1453.51,81.43
Axis Bank Apps,6.72,64.74,648.47,2,2021.0,1252.5500000000002,71.46
Axis Bank Apps,5.23,71.96,618.44,1,2021.0,1179.14,77.19
Bajaj Finserv,0.13,0.13,7.08,12,2021.0,14.16,0.26
Bajaj Finserv,0.06,0.06,4.1,11,2021.0,8.2,0.12
Bajaj Finserv,0.06,0.06,4.3,10,2021.0,8.6,0.12
Bajaj Finserv,0.04,0.04,3.03,9,2021.0,6.06,0.08
Bajaj Finserv,0.04,0.04,2.85,8,2021.0,5.7,0.08
Bajaj Finserv,0.02,0.02,1.55,7,2021.0,3.1,0.04
Bajaj Finserv,0.01,0.01,1.05,6,2021.0,2.1,0.02
Bajaj Finserv,0.01,0.01,0.77,5,2021.0,1.54,0.02
Bajaj Finserv,0.01,0.01,0.96,4,2021.0,1.92,0.02
Bajaj Finserv,0.01,0.01,1.02,3,2021.0,2.04,0.02
Bajaj Finserv,0.01,0.01,1.03,2,2021.0,2.06,0.02
Bajaj Finserv,0.01,0.01,0.99,1,2021.0,1.98,0.02
Bank of Baroda Apps,0.75,0.75,333.91,12,2021.0,667.82,1.5
Bank of Baroda Apps,0.75,0.75,329.77,11,2021.0,659.53,1.5
Bank of Baroda Apps,0.8,0.8,344.85,10,2021.0,689.7,1.6
Bank of Baroda Apps,0.73,0.73,293.05,9,2021.0,586.1,1.46
Bank of Baroda Apps,0.75,0.75,302.06,8,2021.0,604.11,1.5
Bank of Baroda Apps,0.67,0.67,284.99,7,2021.0,569.97,1.34
Bank of Baroda Apps,0.6,0.6,265.38,6,2021.0,530.76,1.2
Bank of Baroda Apps,0.54,0.54,230.89,5,2021.0,461.78,1.08
Bank of Baroda Apps,0.56,0.56,238.5,4,2021.0,477.0,1.12
Bank of Baroda Apps,0.78,0.78,294.28,3,2021.0,588.56,1.56
Bank of Baroda Apps,0.66,0.66,256.49,2,2021.0,512.98,1.32
Bank of Baroda Apps,0.75,0.75,293.25,1,2021.0,586.5,1.5
Bank of India App,0.04,0.04,17.26,12,2021.0,34.52,0.08
Bank of India App,0.03,0.03,13.54,11,2021.0,27.08,0.06
Bank of India App,0.03,0.03,12.88,10,2021.0,25.76,0.06
Bank of India App,0.03,0.03,12.45,9,2021.0,24.9,0.06
Bank of India App,0.03,0.03,10.31,8,2021.0,20.62,0.06
Bank of India App,0.03,0.03,9.8,7,2021.0,19.6,0.06
Bank of India App,0.02,0.02,8.25,6,2021.0,16.5,0.04
Bank of India App,0.01,0.01,5.23,5,2021.0,10.46,0.02
Bank of India App,0.01,0.01,2.11,4,2021.0,4.22,0.02
Bank of Maharashtra App,0.05,0.05,11.52,12,2021.0,23.04,0.1
Bank of Maharashtra App,0.04,0.04,10.84,11,2021.0,21.68,0.08
Bank of Maharashtra App,0.04,0.04,10.5,10,2021.0,21.0,0.08
Bank of Maharashtra App,0.04,0.04,7.8,9,2021.0,15.6,0.08
Bank of Maharashtra App,0.04,0.04,7.76,8,2021.0,15.52,0.08
Bank of Maharashtra App,0.03,0.03,7.27,7,2021.0,14.54,0.06
Bank of Maharashtra App,0.03,0.03,6.82,6,2021.0,13.64,0.06
Bank of Maharashtra App,0.02,0.02,6.18,5,2021.0,12.36,0.04
Bank of Maharashtra App,0.02,0.02,6.05,4,2021.0,12.1,0.04
Bank of Maharashtra App,0.03,0.03,6.73,3,2021.0,13.46,0.06
Bank of Maharashtra App,0.02,0.02,5.73,2,2021.0,11.46,0.04
Bank of Maharashtra App,0.02,0.02,6.37,1,2021.0,12.74,0.04
BHIM,27.12,27.12,8831.67,12,2021.0,17663.34,54.24
BHIM,25.23,25.23,8237.22,11,2021.0,16474.44,50.46
BHIM,27.27,27.27,8513.82,10,2021.0,17027.64,54.54
BHIM,25.36,25.36,7538.58,9,2021.0,15077.16,50.72
BHIM,26.33,26.33,8063.93,8,2021.0,16127.86,52.66
BHIM,23.76,23.76,7442.86,7,2021.0,14885.72,47.52
BHIM,22.84,22.84,7319.77,6,2021.0,14639.54,45.68
BHIM,21.02,21.02,6776.2,5,2021.0,13552.4,42.04
BHIM,22.26,22.26,6886.78,4,2021.0,13773.56,44.52
BHIM,24.42,24.42,7653.21,3,2021.0,15306.42,48.84
BHIM,20.44,20.44,6379.91,2,2021.0,12759.82,40.88
BHIM,23.38,23.38,7462.94,1,2021.0,14925.88,46.76
Canara Bank App,0.25,0.25,90.72,12,2021.0,181.44,0.5
Canara Bank App,0.21,0.21,78.32,11,2021.0,156.64,0.42
Canara Bank App,0.21,0.21,77.06,10,2021.0,154.12,0.42
Canara Bank App,0.16,0.16,51.88,9,2021.0,103.76,0.32
Canara Bank App,0.14,0.14,56.23,8,2021.0,112.46,0.28
Canara Bank App,0.11,0.11,55.83,7,2021.0,111.66,0.22
Canara Bank App,0.1,0.1,52.64,6,2021.0,105.28,0.2
Canara Bank App,0.09,0.09,45.92,5,2021.0,91.84,0.18
Canara Bank App,0.09,0.09,43.87,4,2021.0,87.74,0.18
Canara Bank App,0.1,0.1,47.87,3,2021.0,95.74,0.2
Canara Bank App,0.08,0.08,37.39,2,2021.0,74.78,0.16
Canara Bank App,0.09,0.09,40.52,1,2021.0,81.04,0.18
Central Bank of India App,0.13,0.13,46.47,12,2021.0,92.94,0.26
Central Bank of India App,0.11,0.11,43.57,11,2021.0,87.14,0.22
Central Bank of India App,0.12,0.12,45.48,10,2021.0,90.96,0.24
Central Bank of India App,0.13,0.13,47.35,9,2021.0,94.7,0.26
Central Bank of India App,0.13,0.13,47.83,8,2021.0,95.66,0.26
Central Bank of India App,0.12,0.12,46.71,7,2021.0,93.42,0.24
Central Bank of India App,0.11,0.11,45.3,6,2021.0,90.6,0.22
Central Bank of India App,0.1,0.1,42.18,5,2021.0,84.36,0.2
Central Bank of India App,0.11,0.11,41.58,4,2021.0,83.16,0.22
Central Bank of India App,0.12,0.12,46.03,3,2021.0,92.06,0.24
Central Bank of India App,0.1,0.1,39.78,2,2021.0,79.56,0.2
Central Bank of India App,0.11,0.11,40.45,1,2021.0,80.9,0.22
Citi Bank App,0.09,0.09,76.94,12,2021.0,153.88,0.18
Citi Bank App,0.09,0.09,77.41,11,2021.0,154.82,0.18
Citi Bank App,0.11,0.11,81.21,10,2021.0,162.42,0.22
Citi Bank App,0.12,0.12,68.42,9,2021.0,136.84,0.24
Citi Bank App,0.09,0.09,72.04,8,2021.0,144.08,0.18
Citi Bank App,0.09,0.09,80.39,7,2021.0,160.78,0.18
Citi Bank App,0.08,0.08,75.09,6,2021.0,150.18,0.16
Citi Bank App,0.08,0.08,70.14,5,2021.0,140.28,0.16
Citi Bank App,0.08,0.08,68.17,4,2021.0,136.34,0.16
Citi Bank App,0.1,0.1,71.02,3,2021.0,142.04,0.2
Citi Bank App,0.1,0.1,64.89,2,2021.0,129.78,0.2
Citi Bank App,0.09,0.09,71.3,1,2021.0,142.6,0.18
City Union Bank App,0.01,0.01,4.61,12,2021.0,9.22,0.02
City Union Bank App,0.01,0.01,3.85,11,2021.0,7.7,0.02
City Union Bank App,0.01,0.01,3.95,10,2021.0,7.9,0.02
City Union Bank App,0.01,0.01,3.32,9,2021.0,6.64,0.02
City Union Bank App,0.01,0.01,2.73,8,2021.0,5.46,0.02
City Union Bank App,0.01,0.01,2.09,7,2021.0,4.18,0.02
Cointab,0.94,0.94,144.16,12,2021.0,288.32,1.88
Cointab,0.64,0.64,112.28,11,2021.0,224.56,1.28
Cointab,0.45,0.45,84.71,10,2021.0,169.42,0.9
Cointab,0.34,0.34,69.81,9,2021.0,139.62,0.68
Cointab,0.28,0.28,63.77,8,2021.0,127.54,0.56
Cointab,0.17,0.17,49.15,7,2021.0,98.3,0.34
Cointab,0.12,0.12,40.95,6,2021.0,81.9,0.24
Cointab,0.1,0.1,35.72,5,2021.0,71.44,0.2
Cointab,0.11,0.11,40.84,4,2021.0,81.68,0.22
Cointab,0.12,0.12,45.71,3,2021.0,91.42,0.24
Cointab,0.12,0.12,41.56,2,2021.0,83.12,0.24
Cointab,0.13,0.13,43.7,1,2021.0,87.4,0.26
Cred,10.36,10.36,13817.16,12,2021.0,27634.32,20.72
Cred,9.03,9.03,12277.85,11,2021.0,24555.7,18.06
Cred,9.73,9.73,12561.25,10,2021.0,25122.5,19.46
Cred,7.74,7.74,9614.36,9,2021.0,19228.72,15.48
Cred,7.5,7.5,9040.43,8,2021.0,18080.86,15.0
Cred,7.12,7.12,8121.41,7,2021.0,16242.82,14.24
Cred,5.77,5.77,6151.57,6,2021.0,12303.14,11.54
Cred,5.65,5.65,6142.78,5,2021.0,12285.56,11.3
Cred,5.08,5.08,5419.88,4,2021.0,10839.76,10.16
Cred,4.96,4.96,5389.97,3,2021.0,10779.94,9.92
Cred,3.94,3.94,4229.11,2,2021.0,8458.22,7.88
Cred,4.08,4.08,4247.83,1,2021.0,8495.66,8.16
DBS Digibank App,0.55,0.55,190.75,12,2021.0,381.5,1.1
DBS Digibank App,0.52,0.52,185.2,11,2021.0,370.4,1.04
DBS Digibank App,0.58,0.58,198.18,10,2021.0,396.36,1.16
DBS Digibank App,0.55,0.55,180.79,9,2021.0,361.58,1.1
DBS Digibank App,0.57,0.57,187.52,8,2021.0,375.04,1.14
DBS Digibank App,0.57,0.57,189.67,7,2021.0,379.34,1.14
DBS Digibank App,0.51,0.51,170.57,6,2021.0,341.14,1.02
DBS Digibank App,0.47,0.47,160.73,5,2021.0,321.46,0.94
DBS Digibank App,0.54,0.54,164.93,4,2021.0,329.86,1.08
DBS Digibank App,0.59,0.59,178.13,3,2021.0,356.26,1.18
DBS Digibank App,0.52,0.52,167.48,2,2021.0,334.96,1.04
DBS Digibank App,0.56,0.56,178.75,1,2021.0,357.5,1.12
Dena Bank App,0.02,0.02,26.08,12,2021.0,52.16,0.04
Dena Bank App,0.02,0.02,24.11,11,2021.0,48.22,0.04
Dena Bank App,0.02,0.02,27.43,10,2021.0,54.86,0.04
Dena Bank App,0.02,0.02,24.37,9,2021.0,48.74,0.04
Dena Bank App,0.02,0.02,23.12,8,2021.0,46.24,0.04
Dena Bank App,0.02,0.02,24.26,7,2021.0,48.52,0.04
Dena Bank App,0.02,0.02,21.57,6,2021.0,43.14,0.04
Dena Bank App,0.02,0.02,20.9,5,2021.0,41.8,0.04
Dena Bank App,0.02,0.02,22.37,4,2021.0,44.74,0.04
Dena Bank App,0.02,0.02,23.57,3,2021.0,47.14,0.04
Dena Bank App,0.01,0.01,17.66,2,2021.0,35.32,0.02
Dena Bank App,0.02,0.02,20.5,1,2021.0,41.0,0.04
Deutsche Bank App,0.85,0.85,86.2,12,2021.0,171.82,1.7
Deutsche Bank App,0.98,0.98,115.42,11,2021.0,230.84,1.96
Deutsche Bank App,0.85,0.85,99.23,10,2021.0,198.07,1.7
Deutsche Bank App,0.76,0.76,70.24,9,2021.0,140.48,1.52
Deutsche Bank App,0.73,0.73,81.74,8,2021.0,163.44,1.46
Deutsche Bank App,0.52,0.52,55.55,7,2021.0,110.97,1.04
Deutsche Bank App,0.32,0.32,27.44,6,2021.0,54.88,0.64
Deutsche Bank App,0.21,0.21,14.73,5,2021.0,29.42,0.42
Deutsche Bank App,0.43,0.43,43.58,4,2021.0,86.9,0.86
Deutsche Bank App,0.71,0.71,79.58,3,2021.0,158.86,1.42
Deutsche Bank App,0.55,0.55,59.97,2,2021.0,119.94,1.1
Deutsche Bank App,0.55,0.55,60.65,1,2021.0,121.04,1.1
Dhanlaxmi Bank App,0.01,0.01,3.07,12,2021.0,6.14,0.02
Dhanlaxmi Bank App,0.01,0.01,2.37,11,2021.0,4.74,0.02
Dhanlaxmi Bank App,0.01,0.01,2.86,9,2021.0,5.72,0.02
Federal Bank App,0.48,0.48,99.96,12,2021.0,199.92,0.96
Federal Bank App,0.47,0.47,91.94,11,2021.0,183.88,0.94
Federal Bank App,0.44,0.44,90.5,10,2021.0,181.0,0.88
Federal Bank App,0.39,0.39,79.44,9,2021.0,158.88,0.78
Federal Bank App,0.35,0.35,74.71,8,2021.0,149.42,0.7
Federal Bank App,0.28,0.28,68.82,7,2021.0,137.64,0.56
Federal Bank App,0.21,0.21,49.99,6,2021.0,99.98,0.42
Federal Bank App,0.17,0.17,38.99,5,2021.0,77.98,0.34
Federal Bank App,0.19,0.19,39.57,4,2021.0,79.14,0.38
Federal Bank App,0.2,0.2,38.85,3,2021.0,77.7,0.4
Federal Bank App,0.16,0.16,30.55,2,2021.0,61.1,0.32
Federal Bank App,0.15,0.15,26.09,1,2021.0,52.18,0.3
Fino Payments bank App,0.03,0.03,2.09,12,2021.0,4.18,0.06
Fino Payments bank App,0.02,0.02,1.81,11,2021.0,3.62,0.04
Fino Payments bank App,0.02,0.02,1.75,10,2021.0,3.5,0.04
Fino Payments bank App,0.02,0.02,1.63,9,2021.0,3.26,0.04
Fino Payments bank App,0.02,0.02,1.38,8,2021.0,2.76,0.04
Fino Payments bank App,0.01,0.01,1.13,7,2021.0,2.26,0.02
Fino Payments bank App,0.01,0.01,1.09,6,2021.0,2.18,0.02
Fino Payments bank App,0.01,0.01,1.23,5,2021.0,2.46,0.02
Fino Payments bank App,0.01,0.01,1.18,4,2021.0,2.36,0.02
Fino Payments bank App,0.01,0.01,1.28,3,2021.0,2.56,0.02
Fino Payments bank App,0.01,0.01,1.14,2,2021.0,2.28,0.02
Fino Payments bank App,0.01,0.01,1.08,1,2021.0,2.16,0.02
Finshell Pay,0.06,0.06,2.92,12,2021.0,5.84,0.12
Finshell Pay,0.05,0.05,2.19,11,2021.0,4.38,0.1
Finshell Pay,0.03,0.03,1.26,10,2021.0,2.52,0.06
Finshell Pay,0.02,0.02,0.72,9,2021.0,1.44,0.04
Freecharge,1.12,1.12,63.8,1,2021.0,127.6,2.24
Goibibo,0.01,0.01,2.62,9,2021.0,5.24,0.02
Google Pay,1587.43,1587.43,302989.79,12,2021.0,605979.58,3174.86
Google Pay,1447.84,1447.84,283357.99,11,2021.0,566715.98,2895.68
Google Pay,1451.93,1451.93,287491.46,10,2021.0,574982.92,2903.86
Google Pay,1294.56,1294.56,250393.65,9,2021.0,500787.3,2589.12
Google Pay,1243.75,1243.75,244453.05,8,2021.0,488906.1,2487.5
Google Pay,1119.16,1119.16,230847.54,7,2021.0,461695.08,2238.32
Google Pay,972.26,972.26,207287.73,6,2021.0,414575.46,1944.52
Google Pay,880.59,880.59,187136.95,5,2021.0,374273.9,1761.18
Google Pay,905.96,905.96,190106.71,4,2021.0,380213.42,1811.92
Google Pay,957.01,957.01,201185.14,3,2021.0,402370.28,1914.02
Google Pay,827.86,827.86,174455.33,2,2021.0,348910.66,1655.72
Google Pay,853.53,853.53,177791.47,1,2021.0,355582.94,1707.06
HDFC Bank Apps,4.96,4.96,1250.74,12,2021.0,2501.48,9.92
HDFC Bank Apps,3.87,3.87,1030.59,11,2021.0,2061.18,7.74
HDFC Bank Apps,5.02,5.02,1082.99,10,2021.0,2165.98,10.04
HDFC Bank Apps,3.14,3.14,772.08,9,2021.0,1544.16,6.28
HDFC Bank Apps,3.1,3.1,676.72,8,2021.0,1353.44,6.2
HDFC Bank Apps,3.0,3.0,588.25,7,2021.0,1176.5,6.0
HDFC Bank Apps,2.07,2.07,408.61,6,2021.0,817.22,4.14
HDFC Bank Apps,1.56,1.56,274.77,5,2021.0,549.54,3.12
HDFC Bank Apps,1.42,1.42,243.86,4,2021.0,487.72,2.84
HDFC Bank Apps,1.59,1.59,244.17,3,2021.0,488.34,3.18
HDFC Bank Apps,1.13,1.13,208.06,2,2021.0,416.12,2.26
HDFC Bank Apps,1.52,1.52,244.03,1,2021.0,488.06,3.04
HSBC Bank App,0.09,0.09,53.73,12,2021.0,107.37,0.18
HSBC Bank App,0.08,0.08,46.98,11,2021.0,93.92,0.16
HSBC Bank App,0.08,0.08,53.39,10,2021.0,106.74,0.16
HSBC Bank App,0.08,0.08,43.02,9,2021.0,85.99000000000001,0.16
HSBC Bank App,0.07,0.07,39.24,8,2021.0,78.43,0.14
HSBC Bank App,0.06,0.06,40.52,7,2021.0,81.01,0.12
HSBC Bank App,0.07,0.07,35.57,6,2021.0,71.13,0.14
HSBC Bank App,0.06,0.06,35.68,5,2021.0,71.35,0.12
HSBC Bank App,0.07,0.07,40.03,4,2021.0,80.05000000000001,0.14
HSBC Bank App,0.08,0.08,45.89,3,2021.0,91.77,0.16
HSBC Bank App,0.05,0.05,37.36,2,2021.0,74.7,0.1
HSBC Bank App,0.06,0.06,41.59,1,2021.0,83.17,0.12
ICICI Bank Apps,28.81,31.99,8921.76,12,2021.0,17664.72,60.8
ICICI Bank Apps,25.74,29.14,7246.75,11,2021.0,14296.11,54.88
ICICI Bank Apps,26.24,29.27,6329.63,10,2021.0,12496.85,55.51
ICICI Bank Apps,18.86,22.11,6579.65,9,2021.0,12975.58,40.97
ICICI Bank Apps,17.55,19.81,5621.27,8,2021.0,11098.05,37.36
ICICI Bank Apps,15.41,18.26,5896.05,7,2021.0,11658.03,33.67
ICICI Bank Apps,12.94,15.29,5076.12,6,2021.0,10034.13,28.23
ICICI Bank Apps,10.95,13.16,4514.11,5,2021.0,8925.630000000001,24.11
ICICI Bank Apps,10.76,14.37,3827.95,4,2021.0,7500.25,25.13
ICICI Bank Apps,9.95,13.95,3823.36,3,2021.0,7526.44,23.9
ICICI Bank Apps,7.63,9.93,2477.23,2,2021.0,4871.030000000001,17.56
ICICI Bank Apps,6.22,10.46,1984.07,1,2021.0,3820.04,16.68
IDBI Bank App,0.02,0.02,11.34,12,2021.0,22.68,0.04
IDBI Bank App,0.03,0.03,13.31,11,2021.0,26.62,0.06
IDBI Bank App,0.03,0.03,14.22,10,2021.0,28.44,0.06
IDBI Bank App,0.02,0.02,12.0,9,2021.0,24.0,0.04
IDBI Bank App,0.03,0.03,11.26,8,2021.0,22.52,0.06
IDBI Bank App,0.02,0.02,11.24,7,2021.0,22.48,0.04
IDBI Bank App,0.02,0.02,10.86,6,2021.0,21.72,0.04
IDBI Bank App,0.02,0.02,10.36,5,2021.0,20.72,0.04
IDBI Bank App,0.02,0.02,9.59,4,2021.0,19.18,0.04
IDBI Bank App,0.02,0.02,9.68,3,2021.0,19.36,0.04
IDBI Bank App,0.02,0.02,9.15,2,2021.0,18.3,0.04
IDBI Bank App,0.02,0.02,9.18,1,2021.0,18.36,0.04
IDFC Bank App,0.9,0.9,278.53,12,2021.0,557.06,1.8
IDFC Bank App,0.64,0.64,237.83,11,2021.0,475.66,1.28
IDFC Bank App,0.62,0.62,231.02,10,2021.0,462.04,1.24
IDFC Bank App,0.49,0.49,181.96,9,2021.0,363.92,0.98
IDFC Bank App,0.4,0.4,155.19,8,2021.0,310.38,0.8
IDFC Bank App,0.3,0.3,130.1,7,2021.0,260.2,0.6
IDFC Bank App,0.21,0.21,101.74,6,2021.0,203.48,0.42
IDFC Bank App,0.15,0.15,72.34,5,2021.0,144.68,0.3
IDFC Bank App,0.15,0.15,65.23,4,2021.0,130.46,0.3
IDFC Bank App,0.13,0.13,60.84,3,2021.0,121.68,0.26
IDFC Bank App,0.1,0.1,47.09,2,2021.0,94.18,0.2
IDFC Bank App,0.08,0.08,41.87,1,2021.0,83.74,0.16
India Post Payments Bank App,2.76,2.76,321.16,12,2021.0,642.32,5.52
India Post Payments Bank App,2.3,2.3,286.07,11,2021.0,572.14,4.6
India Post Payments Bank App,2.39,2.39,291.7,10,2021.0,583.4,4.78
India Post Payments Bank App,2.28,2.28,267.94,9,2021.0,535.88,4.56
India Post Payments Bank App,2.0,2.0,255.16,8,2021.0,510.32,4.0
India Post Payments Bank App,1.79,1.79,231.52,7,2021.0,463.04,3.58
India Post Payments Bank App,1.47,1.47,203.73,6,2021.0,407.46,2.94
India Post Payments Bank App,1.29,1.29,178.52,5,2021.0,357.04,2.58
India Post Payments Bank App,1.32,1.32,174.08,4,2021.0,348.16,2.64
India Post Payments Bank App,1.21,1.21,167.52,3,2021.0,335.04,2.42
India Post Payments Bank App,1.23,1.23,145.46,2,2021.0,290.92,2.46
India Post Payments Bank App,1.08,1.08,123.25,1,2021.0,246.5,2.16
Indian Bank App,0.12,0.12,42.71,12,2021.0,85.42,0.24
Indian Bank App,0.09,0.09,37.77,11,2021.0,75.54,0.18
Indian Bank App,0.09,0.09,38.84,10,2021.0,77.68,0.18
Indian Bank App,0.08,0.08,35.34,9,2021.0,70.68,0.16
Indian Bank App,0.08,0.08,34.46,8,2021.0,68.92,0.16
Indian Bank App,0.08,0.08,33.52,7,2021.0,67.04,0.16
Indian Bank App,0.05,0.05,25.18,6,2021.0,50.36,0.1
Indian Bank App,0.06,0.06,26.84,5,2021.0,53.68,0.12
Indian Bank App,0.06,0.06,24.13,4,2021.0,48.26,0.12
Indian Bank App,0.09,0.09,34.1,3,2021.0,68.2,0.18
Indian Bank App,0.05,0.05,12.38,2,2021.0,24.76,0.1
Indian Bank App,0.02,0.02,5.77,1,2021.0,11.54,0.04
IndusInd Bank App,1.19,1.19,1269.16,12,2021.0,2538.32,2.38
IndusInd Bank App,1.1,1.1,1407.31,11,2021.0,2814.62,2.2
IndusInd Bank App,1.05,1.05,1014.56,10,2021.0,2029.12,2.1
IndusInd Bank App,0.33,0.33,532.43,9,2021.0,1064.86,0.66
IndusInd Bank App,0.52,0.52,570.21,8,2021.0,1140.42,1.04
IndusInd Bank App,2.18,2.18,458.06,7,2021.0,916.12,4.36
IndusInd Bank App,2.18,2.18,421.41,6,2021.0,842.82,4.36
IndusInd Bank App,3.12,3.12,433.37,5,2021.0,866.74,6.24
IndusInd Bank App,4.2,4.2,654.49,4,2021.0,1308.98,8.4
IndusInd Bank App,4.49,4.49,541.66,3,2021.0,1083.32,8.98
IndusInd Bank App,2.16,2.16,379.54,2,2021.0,759.08,4.32
IndusInd Bank App,1.82,1.82,367.77,1,2021.0,735.54,3.64
Jammu and Kashmir Bank App,0.01,0.01,1.93,12,2021.0,3.86,0.02
Janta Sahakari Bank App,0.01,0.01,4.48,12,2021.0,8.96,0.02
Janta Sahakari Bank App,0.01,0.01,4.8,8,2021.0,9.6,0.02
Janta Sahakari Bank App,0.01,0.01,5.32,3,2021.0,10.64,0.02
Janta Sahakari Bank App,0.01,0.01,4.35,2,2021.0,8.7,0.02
Janta Sahakari Bank App,0.01,0.01,5.02,1,2021.0,10.04,0.02
Jio Payments Bank App,1.65,1.65,100.19,12,2021.0,200.38,3.3
Jio Payments Bank App,1.38,1.38,89.68,11,2021.0,179.36,2.76
Jio Payments Bank App,1.33,1.33,85.75,10,2021.0,171.5,2.66
Jio Payments Bank App,1.24,1.24,74.89,9,2021.0,149.78,2.48
Jio Payments Bank App,1.06,1.06,68.16,8,2021.0,136.32,2.12
Jio Payments Bank App,1.03,1.03,63.44,7,2021.0,126.88,2.06
Jio Payments Bank App,0.8,0.8,52.08,6,2021.0,104.16,1.6
Jio Payments Bank App,0.68,0.68,40.92,5,2021.0,81.84,1.36
Jio Payments Bank App,0.57,0.57,35.43,4,2021.0,70.86,1.14
Jio Payments Bank App,0.47,0.47,32.14,3,2021.0,64.28,0.94
Jio Payments Bank App,0.36,0.36,25.76,2,2021.0,51.52,0.72
Jio Payments Bank App,0.41,0.41,27.91,1,2021.0,55.82,0.82
Jupiter Money,0.98,0.98,177.92,12,2021.0,355.84,1.96
Jupiter Money,0.55,0.55,102.84,11,2021.0,205.68,1.1
Jupiter Money,0.29,0.29,60.0,10,2021.0,120.0,0.58
Jupiter Money,0.13,0.13,29.3,9,2021.0,58.6,0.26
Jupiter Money,0.07,0.07,17.36,8,2021.0,34.72,0.14
Jupiter Money,0.01,0.01,2.07,7,2021.0,4.14,0.02
Karnataka Bank App,0.25,0.25,30.03,12,2021.0,60.06,0.5
Karnataka Bank App,0.22,0.22,27.68,11,2021.0,55.36,0.44
Karnataka Bank App,0.2,0.2,25.71,10,2021.0,51.42,0.4
Karnataka Bank App,0.16,0.16,18.64,9,2021.0,37.28,0.32
Karnataka Bank App,0.12,0.12,15.38,8,2021.0,30.76,0.24
Karnataka Bank App,0.13,0.13,18.45,7,2021.0,36.9,0.26
Karnataka Bank App,0.12,0.12,22.51,6,2021.0,45.02,0.24
Karnataka Bank App,0.1,0.1,20.74,5,2021.0,41.48,0.2
Karnataka Bank App,0.12,0.12,21.13,4,2021.0,42.26,0.24
Karnataka Bank App,0.12,0.12,20.89,3,2021.0,41.78,0.24
Karnataka Bank App,0.09,0.09,16.41,2,2021.0,32.82,0.18
Karnataka Bank App,0.07,0.07,15.35,1,2021.0,30.7,0.14
Karur Vysya Bank App,0.04,0.04,17.44,12,2021.0,34.88,0.08
Karur Vysya Bank App,0.03,0.03,15.46,11,2021.0,30.92,0.06
Karur Vysya Bank App,0.03,0.03,15.4,10,2021.0,30.8,0.06
Karur Vysya Bank App,0.03,0.03,14.14,9,2021.0,28.28,0.06
Karur Vysya Bank App,0.03,0.03,15.25,8,2021.0,30.5,0.06
Karur Vysya Bank App,0.03,0.03,14.6,7,2021.0,29.2,0.06
Karur Vysya Bank App,0.03,0.03,12.59,6,2021.0,25.18,0.06
Karur Vysya Bank App,0.02,0.02,11.59,5,2021.0,23.18,0.04
Karur Vysya Bank App,0.03,0.03,13.08,4,2021.0,26.16,0.06
Karur Vysya Bank App,0.03,0.03,15.14,3,2021.0,30.28,0.06
Karur Vysya Bank App,0.03,0.03,13.87,2,2021.0,27.74,0.06
Karur Vysya Bank App,0.03,0.03,13.14,1,2021.0,26.28,0.06
Khalijeb,0.02,0.02,2.49,1,2021.0,4.98,0.04
Kotak Mahindra Bank Apps,6.39,6.39,1168.93,12,2021.0,2337.86,12.78
Kotak Mahindra Bank Apps,5.78,5.78,1035.67,11,2021.0,2071.34,11.56
Kotak Mahindra Bank Apps,5.38,5.38,944.5,10,2021.0,1889.0,10.76
Kotak Mahindra Bank Apps,4.31,4.31,771.05,9,2021.0,1542.1,8.62
Kotak Mahindra Bank Apps,3.98,3.98,723.21,8,2021.0,1446.42,7.96
Kotak Mahindra Bank Apps,3.46,3.46,642.53,7,2021.0,1285.06,6.92
Kotak Mahindra Bank Apps,2.8,2.8,535.98,6,2021.0,1071.96,5.6
Kotak Mahindra Bank Apps,2.37,2.37,427.4,5,2021.0,854.8,4.74
Kotak Mahindra Bank Apps,2.13,2.13,381.37,4,2021.0,762.74,4.26
Kotak Mahindra Bank Apps,2.26,2.26,397.99,3,2021.0,795.98,4.52
Kotak Mahindra Bank Apps,1.95,1.95,347.66,2,2021.0,695.32,3.9
Kotak Mahindra Bank Apps,1.88,1.88,343.38,1,2021.0,686.76,3.76
MakeMy Trip,0.07,0.07,22.3,12,2021.0,44.6,0.14
MakeMy Trip,0.12,0.12,45.04,11,2021.0,90.08,0.24
MakeMy Trip,0.13,0.13,48.4,10,2021.0,96.8,0.26
MakeMy Trip,0.08,0.08,25.67,9,2021.0,51.34,0.16
MakeMy Trip,0.08,0.08,25.28,8,2021.0,50.56,0.16
MakeMy Trip,0.08,0.08,29.31,7,2021.0,58.62,0.16
MakeMy Trip,0.06,0.06,22.16,6,2021.0,44.32,0.12
MakeMy Trip,0.03,0.03,11.47,5,2021.0,22.94,0.06
MakeMy Trip,0.08,0.08,26.08,4,2021.0,52.16,0.16
MakeMy Trip,0.09,0.09,31.2,3,2021.0,62.4,0.18
MakeMy Trip,0.12,0.12,44.08,2,2021.0,88.16,0.24
MakeMy Trip,0.01,0.01,3.95,1,2021.0,7.9,0.02
MI Pay,0.31,0.31,43.97,12,2021.0,87.94,0.62
MI Pay,0.33,0.33,47.27,11,2021.0,94.54,0.66
MI Pay,0.37,0.37,54.77,10,2021.0,109.54,0.74
MI Pay,0.36,0.36,51.29,9,2021.0,102.58,0.72
MI Pay,0.34,0.34,50.26,8,2021.0,100.52,0.68
MI Pay,0.34,0.34,53.34,7,2021.0,106.68,0.68
MI Pay,0.36,0.36,56.69,6,2021.0,113.38,0.72
MI Pay,0.37,0.37,55.17,5,2021.0,110.34,0.74
MI Pay,0.38,0.38,58.08,4,2021.0,116.16,0.76
MI Pay,0.42,0.42,64.65,3,2021.0,129.3,0.84
MI Pay,0.4,0.4,59.91,2,2021.0,119.82,0.8
MI Pay,0.44,0.44,62.81,1,2021.0,125.62,0.88
Mobikwik,4.24,4.24,985.86,12,2021.0,1971.72,8.48
Mobikwik,5.18,5.18,1478.95,11,2021.0,2957.9,10.36
Mobikwik,4.08,4.08,1070.32,10,2021.0,2140.64,8.16
Mobikwik,3.2,3.2,687.94,9,2021.0,1375.88,6.4
Mobikwik,2.59,2.59,418.04,8,2021.0,836.08,5.18
Mobikwik,2.8,2.8,402.42,7,2021.0,804.84,5.6
Mobikwik,3.21,3.21,535.12,6,2021.0,1070.24,6.42
Mobikwik,3.18,3.18,467.11,5,2021.0,934.22,6.36
Mobikwik,2.09,2.09,254.32,4,2021.0,508.64,4.18
Mobikwik,2.22,2.22,315.59,3,2021.0,631.18,4.44
Mobikwik,1.92,1.92,216.94,2,2021.0,433.88,3.84
Mobikwik,1.94,1.94,253.16,1,2021.0,506.32,3.88
NSDL Payments Bank App,0.01,0.01,1.31,12,2021.0,2.62,0.02
NSDL Payments Bank App,0.01,0.01,1.11,11,2021.0,2.22,0.02
NSDL Payments Bank App,0.01,0.01,0.84,9,2021.0,1.68,0.02
NSDL Payments Bank App,0.01,0.01,0.85,8,2021.0,1.7,0.02
NSDL Payments Bank App,0.01,0.01,0.86,7,2021.0,1.72,0.02
NSDL Payments Bank App,0.01,0.01,0.58,5,2021.0,1.16,0.02
Other Apps,0.03,0.03,14.98,11,2021.0,29.96,0.06
Other Apps,0.05,0.05,21.51,10,2021.0,43.02,0.1
Other Apps,0.03,0.03,11.75,9,2021.0,23.5,0.06
Other Apps,0.02,0.02,10.41,8,2021.0,20.82,0.04
Other Apps,0.03,0.03,13.88,4,2021.0,27.76,0.06
Other Apps,0.02,0.02,11.62,3,2021.0,23.24,0.04
Other Apps,0.02,0.02,10.49,2,2021.0,20.98,0.04
Other Apps,0.03,0.03,10.76,1,2021.0,21.52,0.06
Other Bank Apps,0.04,0.04,16.61,7,2021.0,33.22,0.08
Others,0.02,0.02,8.74,12,2021.0,17.48,0.04
Others,0.05,0.05,19.27,6,2021.0,38.54,0.1
Others,0.03,0.03,12.47,5,2021.0,24.94,0.06
Paytm Payments Bank App,612.71,706.37,88094.49,12,2021.0,159968.62,1319.08
Paytm Payments Bank App,543.71,631.3,81403.37,11,2021.0,148323.91999999998,1175.01
Paytm Payments Bank App,542.57,632.18,80508.04,10,2021.0,145235.45,1174.75
Paytm Payments Bank App,462.71,543.55,61417.53,9,2021.0,115210.59,1006.26
Paytm Payments Bank App,423.63,498.65,56319.62,8,2021.0,106341.02,922.28
Paytm Payments Bank App,387.85,454.06,51694.41,7,2021.0,98100.93,841.9100000000001
Paytm Payments Bank App,326.53,383.05,44981.11,6,2021.0,85595.2,709.5799999999999
Paytm Payments Bank App,290.69,343.81,43741.16,5,2021.0,79456.64000000001,634.5
Paytm Payments Bank App,320.78,372.7,41469.53,4,2021.0,78328.73,693.48
Paytm Payments Bank App,344.99,401.16,43221.25,3,2021.0,81874.31,746.1500000000001
Paytm Payments Bank App,290.03,340.71,38493.52,2,2021.0,72898.95999999999,630.74
Paytm Payments Bank App,281.18,332.69,37845.76,1,2021.0,71755.26000000001,613.87
PhonePe,2077.6,2077.6,394565.58,12,2021.0,789131.16,4155.2
PhonePe,1911.21,1911.21,365044.32,11,2021.0,730088.64,3822.42
PhonePe,1937.57,1937.57,365845.39,10,2021.0,731690.78,3875.14
PhonePe,1653.19,1653.19,306437.37,9,2021.0,612874.74,3306.38
PhonePe,1622.95,1622.95,301644.8,8,2021.0,603289.6,3245.9
PhonePe,1492.09,1492.09,288572.9,7,2021.0,577145.9,2984.18
PhonePe,1292.71,1292.71,262565.88,6,2021.0,525131.76,2585.42
PhonePe,1149.84,1149.84,234123.57,5,2021.0,468247.14,2299.68
PhonePe,1189.89,1189.89,234023.33,4,2021.0,468046.66,2379.78
PhonePe,1199.51,1199.51,231412.33,3,2021.0,462824.66,2399.02
PhonePe,975.53,975.53,189517.82,2,2021.0,379035.64,1951.06
PhonePe,968.72,968.72,191973.77,1,2021.0,383947.54,1937.44
Punjab National Bank App,0.07,0.07,33.76,12,2021.0,67.52,0.14
Punjab National Bank App,0.07,0.07,31.14,11,2021.0,62.28,0.14
Punjab National Bank App,0.08,0.08,32.06,10,2021.0,64.12,0.16
Punjab National Bank App,0.07,0.07,25.07,9,2021.0,50.14,0.14
Punjab National Bank App,0.04,0.04,15.28,8,2021.0,30.56,0.08
Punjab National Bank App,0.02,0.02,8.86,7,2021.0,17.72,0.04
Punjab National Bank App,0.08,0.08,41.1,6,2021.0,82.2,0.16
Punjab National Bank App,0.11,0.11,55.51,5,2021.0,111.02,0.22
Punjab National Bank App,0.12,0.12,63.07,4,2021.0,126.14,0.24
Punjab National Bank App,0.14,0.14,72.25,3,2021.0,144.5,0.28
Punjab National Bank App,0.13,0.13,62.93,2,2021.0,125.86,0.26
Punjab National Bank App,0.13,0.13,64.68,1,2021.0,129.36,0.26
Punjab Sind Bank App,0.01,0.01,3.21,3,2021.0,6.42,0.02
Punjab Sind Bank App,0.01,0.01,3.67,2,2021.0,7.34,0.02
Punjab Sind Bank App,0.01,0.01,3.18,1,2021.0,6.36,0.02
Punjab Sindh Bank App,0.01,0.01,2.7,9,2021.0,5.4,0.02
Punjab Sindh Bank App,0.01,0.01,2.53,8,2021.0,5.06,0.02
RBL Bank App,0.35,0.35,102.17,12,2021.0,204.34,0.7
RBL Bank App,0.25,0.25,81.95,11,2021.0,163.9,0.5
RBL Bank App,0.22,0.22,84.08,10,2021.0,168.16,0.44
RBL Bank App,0.17,0.17,65.95,9,2021.0,131.9,0.34
RBL Bank App,0.16,0.16,70.24,8,2021.0,140.48,0.32
RBL Bank App,0.15,0.15,68.54,7,2021.0,137.08,0.3
RBL Bank App,0.13,0.13,61.95,6,2021.0,123.9,0.26
RBL Bank App,0.12,0.12,56.21,5,2021.0,112.42,0.24
RBL Bank App,0.13,0.13,58.08,4,2021.0,116.16,0.26
RBL Bank App,0.14,0.14,59.94,3,2021.0,119.88,0.28
RBL Bank App,0.12,0.12,49.4,2,2021.0,98.8,0.24
RBL Bank App,0.12,0.12,48.58,1,2021.0,97.16,0.24
RealMe,0.01,0.01,0.41,8,2021.0,0.82,0.02
RealMe,0.01,0.01,1.44,3,2021.0,2.88,0.02
RealMe,0.01,0.01,1.63,2,2021.0,3.26,0.02
RealMe,0.01,0.01,1.86,1,2021.0,3.72,0.02
Samsung Pay,3.21,3.21,436.3,12,2021.0,872.6,6.42
Samsung Pay,2.8,2.8,412.13,11,2021.0,824.26,5.6
Samsung Pay,2.81,2.81,428.41,10,2021.0,856.82,5.62
Samsung Pay,2.37,2.37,371.1,9,2021.0,742.2,4.74
Samsung Pay,2.25,2.25,372.08,8,2021.0,744.16,4.5
Samsung Pay,2.02,2.02,367.67,7,2021.0,735.34,4.04
Samsung Pay,1.64,1.64,331.04,6,2021.0,662.08,3.28
Samsung Pay,1.36,1.36,302.68,5,2021.0,605.36,2.72
Samsung Pay,1.62,1.62,312.93,4,2021.0,625.86,3.24
Samsung Pay,1.83,1.83,326.96,3,2021.0,653.92,3.66
Samsung Pay,1.65,1.65,296.08,2,2021.0,592.16,3.3
Samsung Pay,1.67,1.67,314.07,1,2021.0,628.14,3.34
South Indian Bank App,0.13,0.13,39.92,12,2021.0,79.84,0.26
South Indian Bank App,0.11,0.11,36.91,11,2021.0,73.82,0.22
South Indian Bank App,0.11,0.11,37.4,10,2021.0,74.8,0.22
South Indian Bank App,0.09,0.09,31.18,9,2021.0,62.36,0.18
South Indian Bank App,0.09,0.09,31.69,8,2021.0,63.38,0.18
South Indian Bank App,0.08,0.08,28.23,7,2021.0,56.46,0.16
South Indian Bank App,0.06,0.06,24.3,6,2021.0,48.6,0.12
South Indian Bank App,0.05,0.05,19.67,5,2021.0,39.34,0.1
South Indian Bank App,0.07,0.07,23.53,4,2021.0,47.06,0.14
South Indian Bank App,0.07,0.07,25.5,3,2021.0,51.0,0.14
South Indian Bank App,0.06,0.06,22.61,2,2021.0,45.22,0.12
South Indian Bank App,0.06,0.06,22.77,1,2021.0,45.54,0.12
Standard Chartered Bank App,0.1,0.1,60.26,12,2021.0,120.52,0.2
Standard Chartered Bank App,0.09,0.09,53.87,11,2021.0,107.74,0.18
Standard Chartered Bank App,0.1,0.1,56.38,10,2021.0,112.76,0.2
Standard Chartered Bank App,0.08,0.08,45.86,9,2021.0,91.72,0.16
Standard Chartered Bank App,0.08,0.08,45.31,8,2021.0,90.62,0.16
Standard Chartered Bank App,0.08,0.08,46.29,7,2021.0,92.58,0.16
Standard Chartered Bank App,0.06,0.06,39.42,6,2021.0,78.84,0.12
Standard Chartered Bank App,0.06,0.06,36.73,5,2021.0,73.46,0.12
Standard Chartered Bank App,0.06,0.06,33.32,4,2021.0,66.64,0.12
Standard Chartered Bank App,0.05,0.05,30.66,3,2021.0,61.32,0.1
Standard Chartered Bank App,0.05,0.05,27.11,2,2021.0,54.22,0.1
Standard Chartered Bank App,0.05,0.05,27.86,1,2021.0,55.72,0.1
State Bank of India Apps,3.63,3.63,1961.72,12,2021.0,3923.42,7.26
State Bank of India Apps,3.72,3.72,1990.21,11,2021.0,3980.42,7.44
State Bank of India Apps,3.98,3.98,2089.18,10,2021.0,4178.36,7.96
State Bank of India Apps,3.77,3.77,1874.58,9,2021.0,3749.16,7.54
State Bank of India Apps,3.69,3.69,1905.52,8,2021.0,3811.04,7.38
State Bank of India Apps,3.55,3.55,1908.2,7,2021.0,3816.4,7.1
State Bank of India Apps,3.43,3.43,1978.61,6,2021.0,3957.22,6.86
State Bank of India Apps,3.69,3.69,2079.32,5,2021.0,4158.64,7.38
State Bank of India Apps,4.14,4.14,2359.08,4,2021.0,4718.16,8.28
State Bank of India Apps,4.55,4.55,2578.38,3,2021.0,5156.76,9.1
State Bank of India Apps,4.13,4.13,2273.77,2,2021.0,4547.54,8.26
State Bank of India Apps,4.29,4.29,2358.82,1,2021.0,4717.64,8.58
Truecaller,0.01,0.01,3.55,3,2021.0,7.1,0.02
Truecaller,0.05,0.05,15.36,2,2021.0,30.72,0.1
Truecaller,0.01,0.01,1.94,1,2021.0,3.88,0.02
UCO Bank App,0.14,0.14,33.49,12,2021.0,66.98,0.28
UCO Bank App,0.12,0.12,30.41,11,2021.0,60.82,0.24
UCO Bank App,0.11,0.11,27.95,10,2021.0,55.9,0.22
UCO Bank App,0.1,0.1,23.44,9,2021.0,46.88,0.2
UCO Bank App,0.09,0.09,21.64,8,2021.0,43.28,0.18
UCO Bank App,0.08,0.08,22.5,7,2021.0,45.0,0.16
UCO Bank App,0.09,0.09,20.8,6,2021.0,41.6,0.18
UCO Bank App,0.08,0.08,19.5,5,2021.0,39.0,0.16
UCO Bank App,0.07,0.07,16.17,4,2021.0,32.34,0.14
UCO Bank App,0.07,0.07,16.08,3,2021.0,32.16,0.14
UCO Bank App,0.06,0.06,13.69,2,2021.0,27.38,0.12
UCO Bank App,0.05,0.05,14.12,1,2021.0,28.24,0.1
Ultracash,1.96,1.96,178.99,12,2021.0,357.98,3.92
Ultracash,2.13,2.13,162.44,11,2021.0,324.88,4.26
Ultracash,2.32,2.32,170.32,10,2021.0,340.64,4.64
Ultracash,2.02,2.02,163.57,9,2021.0,327.14,4.04
Ultracash,1.66,1.66,161.92,8,2021.0,323.84,3.32
Ultracash,1.45,1.45,158.45,7,2021.0,316.9,2.9
Ultracash,1.19,1.19,148.09,6,2021.0,296.18,2.38
Ultracash,1.15,1.15,142.92,5,2021.0,285.84,2.3
Ultracash,1.49,1.49,178.72,4,2021.0,357.44,2.98
Ultracash,1.33,1.33,158.23,3,2021.0,316.46,2.66
Ultracash,0.89,0.89,118.31,2,2021.0,236.62,1.78
Ultracash,0.75,0.75,120.28,1,2021.0,240.56,1.5
Union Bank Apps,0.36,0.36,167.6,12,2021.0,335.2,0.72
Union Bank Apps,0.43,0.43,178.53,11,2021.0,357.06,0.86
Union Bank Apps,0.66,0.66,223.98,10,2021.0,447.96,1.32
Union Bank Apps,0.41,0.41,155.2,9,2021.0,310.4,0.82
Union Bank Apps,0.37,0.37,150.94,8,2021.0,301.88,0.74
Union Bank Apps,0.33,0.33,137.37,7,2021.0,274.74,0.66
Union Bank Apps,0.29,0.29,128.37,6,2021.0,256.74,0.58
Union Bank Apps,0.28,0.28,110.65,5,2021.0,221.3,0.56
Union Bank Apps,0.34,0.34,135.79,4,2021.0,271.58,0.68
Union Bank Apps,0.38,0.38,144.93,3,2021.0,289.86,0.76
Union Bank Apps,0.32,0.32,119.4,2,2021.0,238.8,0.64
Union Bank Apps,0.24,0.24,99.94,1,2021.0,199.88,0.48
WhatsApp,2.25,2.25,188.78,12,2021.0,377.56,4.5
WhatsApp,2.11,2.11,149.38,11,2021.0,298.76,4.22
WhatsApp,1.01,1.01,62.31,9,2021.0,124.62,2.02
WhatsApp,0.5,0.5,44.7,8,2021.0,89.4,1.0
WhatsApp,0.47,0.47,45.33,7,2021.0,90.66,0.94
WhatsApp,0.46,0.46,42.44,6,2021.0,84.88,0.92
WhatsApp,0.51,0.51,48.15,5,2021.0,96.3,1.02
WhatsApp,0.54,0.54,47.62,4,2021.0,95.24,1.08
WhatsApp,0.58,0.58,38.17,3,2021.0,76.34,1.16
WhatsApp,0.55,0.55,32.41,2,2021.0,64.82,1.1
WhatsApp,0.56,0.56,36.44,1,2021.0,72.88,1.12
WhatsApp*,2.6,2.6,104.19,10,2021.0,208.38,5.2
Yes Bank Apps,24.88,25.14,5689.75,12,2021.0,11379.32,50.02
Yes Bank Apps,24.13,24.34,6171.08,11,2021.0,12342.04,48.47
Yes Bank Apps,28.32,28.41,7660.27,10,2021.0,15320.48,56.73
Yes Bank Apps,23.02,23.03,4994.33,9,2021.0,9988.65,46.05
Yes Bank Apps,24.34,24.35,5702.87,8,2021.0,11405.74,48.69
Yes Bank Apps,25.94,25.94,4811.73,7,2021.0,9623.46,51.88
Yes Bank Apps,24.72,24.72,5227.04,6,2021.0,10454.08,49.44
Yes Bank Apps,21.08,21.08,4486.54,5,2021.0,8973.08,42.16
Yes Bank Apps,22.81,22.81,5120.17,4,2021.0,10240.34,45.62
Yes Bank Apps,29.14,29.14,4831.58,3,2021.0,9663.16,58.28
Yes Bank Apps,29.34,29.34,3396.01,2,2021.0,6792.02,58.68
Yes Bank Apps,14.78,14.78,3207.95,1,2021.0,6415.9,29.56
YuvaPay,0.05,0.05,78.43,12,2021.0,156.86,0.1
YuvaPay,0.04,0.04,66.62,11,2021.0,133.24,0.08
YuvaPay,0.04,0.04,61.62,10,2021.0,123.24,0.08
YuvaPay,0.04,0.04,46.94,9,2021.0,93.88,0.08
YuvaPay,0.02,0.02,19.01,8,2021.0,38.02,0.04
YuvaPay,0.48,0.48,38.3,7,2021.0,76.6,0.96
YuvaPay,1.33,1.33,60.44,6,2021.0,120.88,2.66
YuvaPay,2.32,2.32,73.16,5,2021.0,146.32,4.64
YuvaPay,1.59,1.59,51.22,4,2021.0,102.44,3.18
YuvaPay,0.56,0.56,18.56,3,2021.0,37.12,1.12
YuvaPay,0.02,0.02,0.63,2,2021.0,1.26,0.04
Airtel Payments Bank Apps,5.29,5.3,460.9,4,2022.0,915.54,10.59
Airtel Payments Bank Apps,6.1,6.11,486.62,5,2022.0,973.17,12.21
Airtel Payments Bank Apps,6.38,6.38,506.2,6,2022.0,1012.34,12.76
Airtel Payments Bank Apps,7.4,7.41,555.26,7,2022.0,1110.35,14.81
Allahabad Bank App,0.02,0.02,7.36,1,2022.0,14.72,0.04
Allahabad Bank App,0.02,0.02,6.28,2,2022.0,12.56,0.04
Allahabad Bank Apps,0.02,0.02,6.15,3,2022.0,12.3,0.04
Allahabad Bank Apps,0.02,0.02,6.25,5,2022.0,12.5,0.04
Allahabad Bank Apps,0.02,0.02,6.79,6,2022.0,13.58,0.04
Allahabad Bank Apps,0.03,0.03,6.95,7,2022.0,13.9,0.06
AU Small Finance Bank App,0.23,0.23,81.15,1,2022.0,162.3,0.46
AU Small Finance Bank App,0.25,0.25,89.36,2,2022.0,178.72,0.5
AU Small Finance Bank Apps,0.29,0.29,104.48,3,2022.0,208.96,0.58
AU Small Finance Bank Apps,0.32,0.32,109.89,4,2022.0,219.78,0.64
AU Small Finance Bank Apps,0.35,0.35,107.22,5,2022.0,214.44,0.7
AU Small Finance Bank Apps,0.38,0.38,120.24,6,2022.0,240.48,0.76
AU Small Finance Bank Apps,0.42,0.42,131.49,7,2022.0,262.98,0.84
Bajaj Finserv,0.24,0.24,12.88,1,2022.0,25.76,0.48
Bajaj Finserv,0.33,0.33,19.32,2,2022.0,38.64,0.66
Bajaj Finserv,0.35,0.35,24.08,3,2022.0,48.16,0.7
Bajaj Finserv,0.52,0.52,38.61,4,2022.0,77.22,1.04
Bajaj Finserv,0.79,0.79,58.53,5,2022.0,117.06,1.58
Bajaj Finserv,1.16,1.16,85.49,6,2022.0,170.98,2.32
Bajaj Finserv,1.95,1.95,128.52,7,2022.0,257.04,3.9
Bajaj Markets,0.01,0.01,1.2,6,2022.0,2.4,0.02
Bajaj Markets,0.02,0.02,1.66,7,2022.0,3.32,0.04
Bandhan Bank Apps,0.01,0.01,1.35,7,2022.0,2.7,0.02
Bank of Baroda Apps,0.71,0.71,342.85,1,2022.0,685.7,1.42
Bank of Baroda Apps,0.67,0.67,330.69,2,2022.0,661.38,1.34
Bank of Baroda Apps,0.69,0.69,328.61,3,2022.0,657.22,1.38
Bank of Baroda Apps,0.77,0.77,344.65,4,2022.0,689.3,1.54
Bank of Baroda Apps,0.88,0.88,406.79,5,2022.0,813.58,1.76
Bank of Baroda Apps,0.83,0.83,347.72,6,2022.0,695.44,1.66
Bank of Baroda Apps,0.88,0.88,354.45,7,2022.0,708.9,1.76
Bank of India App,0.05,0.05,20.23,1,2022.0,40.46,0.1
Bank of India App,0.05,0.05,21.28,2,2022.0,42.56,0.1
Bank of India Apps,0.08,0.08,26.22,3,2022.0,52.44,0.16
Bank of India Apps,0.1,0.1,32.62,4,2022.0,65.24,0.2
Bank of India Apps,0.12,0.12,40.04,5,2022.0,80.08,0.24
Bank of India Apps,0.13,0.13,41.82,6,2022.0,83.64,0.26
Bank of India Apps,0.15,0.15,46.44,7,2022.0,92.88,0.3
Bank of Maharashtra App,0.05,0.05,12.46,1,2022.0,24.92,0.1
Bank of Maharashtra App,0.05,0.05,12.49,2,2022.0,24.98,0.1
Bank of Maharashtra Apps,0.05,0.05,15.0,3,2022.0,30.0,0.1
Bank of Maharashtra Apps,0.05,0.05,14.56,4,2022.0,29.12,0.1
Bank of Maharashtra Apps,0.06,0.06,16.47,5,2022.0,32.94,0.12
Bank of Maharashtra Apps,0.06,0.06,15.77,6,2022.0,31.54,0.12
Bank of Maharashtra Apps,0.06,0.06,16.47,7,2022.0,32.94,0.12
Canara Bank App,0.26,0.26,98.95,1,2022.0,197.9,0.52
Canara Bank App,0.26,0.26,95.78,2,2022.0,191.56,0.52
Canara Bank Apps,0.31,0.31,109.68,3,2022.0,219.36,0.62
Canara Bank Apps,0.31,0.31,110.31,4,2022.0,220.62,0.62
Canara Bank Apps,0.33,0.33,114.09,5,2022.0,228.18,0.66
Canara Bank Apps,0.34,0.34,109.78,6,2022.0,219.56,0.68
Canara Bank Apps,0.47,0.47,128.79,7,2022.0,257.58,0.94
Central Bank of India App,0.13,0.13,47.33,1,2022.0,94.66,0.26
Central Bank of India App,0.12,0.12,45.26,2,2022.0,90.52,0.24
Central Bank of India Apps,0.14,0.14,50.67,3,2022.0,101.34,0.28
Central Bank of India Apps,0.13,0.13,51.04,4,2022.0,102.08,0.26
Central Bank of India Apps,0.15,0.15,55.4,5,2022.0,110.8,0.3
Central Bank of India Apps,0.15,0.15,54.06,6,2022.0,108.12,0.3
Central Bank of India Apps,0.22,0.22,58.37,7,2022.0,116.74,0.44
Citi Bank App,0.09,0.09,77.8,1,2022.0,155.6,0.18
Citi Bank App,0.08,0.08,69.22,2,2022.0,138.44,0.16
Citi Bank Apps,0.11,0.11,68.41,3,2022.0,136.82,0.22
Citi Bank Apps,0.08,0.08,66.03,4,2022.0,132.06,0.16
Citi Bank Apps,0.13,0.13,78.71,5,2022.0,157.42,0.26
Citi Bank Apps,0.13,0.13,63.54,6,2022.0,127.08,0.26
Citi Bank Apps,0.11,0.11,63.66,7,2022.0,127.32,0.22
City Union Bank App,0.02,0.02,4.92,1,2022.0,9.84,0.04
City Union Bank App,0.02,0.02,5.49,2,2022.0,10.98,0.04
City Union Bank Apps,0.03,0.03,7.3,3,2022.0,14.6,0.06
City Union Bank Apps,0.03,0.03,8.41,4,2022.0,16.82,0.06
City Union Bank Apps,0.03,0.03,10.06,5,2022.0,20.12,0.06
City Union Bank Apps,0.03,0.03,8.72,6,2022.0,17.44,0.06
City Union Bank Apps,0.03,0.03,10.19,7,2022.0,20.38,0.06
Cointab,1.21,1.21,179.22,1,2022.0,358.44,2.42
Cointab,1.73,1.73,280.57,2,2022.0,561.14,3.46
Cointab,0.08,0.08,33.22,3,2022.0,66.44,0.16
Cointab,0.07,0.07,28.5,4,2022.0,57.0,0.14
Cointab,0.06,0.06,23.77,5,2022.0,47.54,0.12
Cointab,0.06,0.06,23.99,6,2022.0,47.98,0.12
Cointab,0.07,0.07,27.3,7,2022.0,54.6,0.14
DBS Digibank App,0.51,0.51,186.79,1,2022.0,373.58,1.02
DBS Digibank App,0.46,0.46,173.63,2,2022.0,347.26,0.92
DBS Digibank Apps,0.49,0.49,185.52,3,2022.0,371.04,0.98
DBS Digibank Apps,0.47,0.47,175.45,4,2022.0,350.9,0.94
DBS Digibank Apps,0.47,0.47,186.33,5,2022.0,372.66,0.94
DBS Digibank Apps,0.46,0.46,171.69,6,2022.0,343.38,0.92
DBS Digibank Apps,0.47,0.47,179.27,7,2022.0,358.54,0.94
Dena Bank App,0.02,0.02,26.5,1,2022.0,53.0,0.04
Dena Bank App,0.02,0.02,23.93,2,2022.0,47.86,0.04
Dena Bank Apps,0.02,0.02,29.32,3,2022.0,58.64,0.04
Deutsche Bank App,0.92,0.92,62.08,1,2022.0,124.03,1.84
Deutsche Bank App,0.87,0.87,70.43,2,2022.0,140.86,1.74
Deutsche Bank Apps,1.02,1.02,93.02,3,2022.0,184.68,2.04
Deutsche Bank Apps,1.51,1.51,128.43,4,2022.0,256.56,3.02
Deutsche Bank Apps,1.64,1.64,116.55,5,2022.0,233.09,3.28
Deutsche Bank Apps,1.51,1.51,99.12,6,2022.0,198.24,3.02
Deutsche Bank Apps,1.87,1.87,116.01,7,2022.0,232.01,3.74
Dhanlaxmi Bank App,0.01,0.01,2.95,1,2022.0,5.9,0.02
Dhanlaxmi Bank App,0.01,0.01,2.83,2,2022.0,5.66,0.02
Dhanlaxmi Bank Apps,0.01,0.01,3.29,3,2022.0,6.58,0.02
Dhanlaxmi Bank Apps,0.01,0.01,3.02,4,2022.0,6.04,0.02
Dhanlaxmi Bank Apps,0.01,0.01,3.35,5,2022.0,6.7,0.02
Dhanlaxmi Bank Apps,0.01,0.01,2.7,6,2022.0,5.4,0.02
Dhanlaxmi Bank Apps,0.01,0.01,2.86,7,2022.0,5.72,0.02
Equitas Small Finance Bank Apps,0.01,0.01,3.87,6,2022.0,7.74,0.02
Equitas Small Finance Bank Apps,0.01,0.01,4.89,7,2022.0,9.78,0.02
Fave,0.37,0.37,13.0,3,2022.0,26.0,0.74
Fave,0.18,0.18,7.73,4,2022.0,15.46,0.36
Fave,0.1,0.1,6.12,5,2022.0,12.24,0.2
Fave,0.12,0.12,6.94,6,2022.0,13.88,0.24
Fave,0.16,0.16,11.06,7,2022.0,22.12,0.32
Federal Bank App,0.54,0.54,109.25,1,2022.0,218.5,1.08
Federal Bank App,0.55,0.55,108.21,2,2022.0,216.42,1.1
Federal Bank Apps,2.45,2.45,360.96,3,2022.0,721.92,4.9
Federal Bank Apps,2.7,2.7,375.64,4,2022.0,751.28,5.4
Federal Bank Apps,3.42,3.42,474.12,5,2022.0,948.24,6.84
Federal Bank Apps,3.55,3.55,494.21,6,2022.0,988.42,7.1
Federal Bank Apps,3.85,3.85,539.55,7,2022.0,1079.1,7.7
Fino Payments bank App,0.03,0.03,2.79,1,2022.0,5.58,0.06
Fino Payments bank App,0.03,0.03,3.25,2,2022.0,6.5,0.06
Fino Payments bank Apps,0.04,0.04,3.47,3,2022.0,6.94,0.08
Fino Payments bank Apps,0.04,0.04,3.26,4,2022.0,6.52,0.08
Fino Payments bank Apps,0.04,0.04,3.83,5,2022.0,7.66,0.08
Fino Payments bank Apps,0.05,0.05,3.17,6,2022.0,6.34,0.1
Fino Payments Bank Apps,0.06,0.06,4.26,7,2022.0,8.52,0.12
Finserv Markets,0.03,0.03,1.49,3,2022.0,2.98,0.06
Finserv Markets,0.01,0.01,1.06,4,2022.0,2.12,0.02
Finserv Markets,0.01,0.01,1.01,5,2022.0,2.02,0.02
Finshell Pay,0.07,0.07,3.69,1,2022.0,7.38,0.14
Finshell Pay,0.06,0.06,3.8,2,2022.0,7.6,0.12
Finshell Pay,0.08,0.08,4.0,3,2022.0,8.0,0.16
Finshell Pay,0.08,0.08,4.45,4,2022.0,8.9,0.16
Finshell Pay,0.09,0.09,4.68,5,2022.0,9.36,0.18
Finshell Pay,0.1,0.1,5.3,6,2022.0,10.6,0.2
GoIbibo,0.02,0.02,5.91,3,2022.0,11.82,0.04
GoIbibo,0.01,0.01,3.31,4,2022.0,6.62,0.02
GoIbibo,0.01,0.01,2.41,5,2022.0,4.82,0.02
GoIbibo,0.01,0.01,3.87,6,2022.0,7.74,0.02
GoIbibo,0.01,0.01,5.1,7,2022.0,10.2,0.02
Groww,0.83,0.83,472.71,3,2022.0,945.42,1.66
Groww,0.61,0.61,376.18,4,2022.0,752.36,1.22
Groww,0.51,0.51,335.28,5,2022.0,670.56,1.02
Groww,0.72,0.72,416.73,6,2022.0,833.46,1.44
Groww,0.49,0.49,290.31,7,2022.0,580.62,0.98
HSBC Bank App,0.08,0.08,54.57,1,2022.0,109.04,0.16
HSBC Bank App,0.08,0.08,52.97,2,2022.0,105.91,0.16
HSBC Bank Apps,0.1,0.1,62.0,3,2022.0,123.85,0.2
HSBC Bank Apps,0.11,0.11,59.72,4,2022.0,119.42,0.22
HSBC Bank Apps,0.1,0.1,63.17,5,2022.0,126.24,0.2
HSBC Bank Apps,0.11,0.11,61.39,6,2022.0,122.77,0.22
HSBC Bank Apps,0.11,0.11,68.47,7,2022.0,136.9,0.22
IDBI Bank App,0.02,0.02,12.54,1,2022.0,25.08,0.04
IDBI Bank App,0.02,0.02,14.6,2,2022.0,29.2,0.04
IDBI Bank Apps,0.03,0.03,16.25,3,2022.0,32.5,0.06
IDBI Bank Apps,0.03,0.03,16.78,4,2022.0,33.56,0.06
IDBI Bank Apps,0.03,0.03,18.48,5,2022.0,36.96,0.06
IDBI Bank Apps,0.03,0.03,15.71,6,2022.0,31.42,0.06
IDBI Bank Apps,0.03,0.03,16.42,7,2022.0,32.84,0.06
IDFC Bank App,1.22,1.22,316.37,1,2022.0,632.74,2.44
IDFC Bank App,1.21,1.21,321.93,2,2022.0,643.86,2.42
IDFC Bank Apps,2.7,2.7,534.56,3,2022.0,1069.12,5.4
IDFC Bank Apps,2.49,2.49,532.69,4,2022.0,1065.38,4.98
IDFC Bank Apps,4.75,4.75,626.34,5,2022.0,1252.68,9.5
IDFC Bank Apps,7.03,7.03,663.65,6,2022.0,1327.3,14.06
IDFC Bank Apps,8.28,8.28,645.34,7,2022.0,1290.68,16.56
India Post Payments Bank App,2.65,2.65,309.42,1,2022.0,618.84,5.3
India Post Payments Bank App,2.21,2.21,268.9,2,2022.0,537.8,4.42
India Post Payments Bank Apps,2.95,2.95,321.14,3,2022.0,642.28,5.9
India Post Payments Bank Apps,2.8,2.8,328.53,4,2022.0,657.06,5.6
India Post Payments Bank Apps,3.1,3.1,351.88,5,2022.0,703.76,6.2
India Post Payments Bank Apps,3.98,3.98,467.34,6,2022.0,934.68,7.96
India Post Payments Bank Apps,4.08,4.08,480.59,7,2022.0,961.18,8.16
Indian Bank App,0.13,0.13,47.42,1,2022.0,94.84,0.26
Indian Bank App,0.11,0.11,42.07,2,2022.0,84.14,0.22
Indian Bank Apps,0.11,0.11,42.26,3,2022.0,84.52,0.22
Indian Bank Apps,0.14,0.14,49.9,4,2022.0,99.8,0.28
Indian Bank Apps,0.16,0.16,53.13,5,2022.0,106.24,0.32
Indian Bank Apps,0.17,0.17,53.68,6,2022.0,106.98,0.34
Indian Bank Apps,0.2,0.21,71.39,7,2022.0,129.54,0.41
Indian Overseas Bank Apps,0.01,0.01,1.62,3,2022.0,3.24,0.02
Indian Overseas Bank Apps,0.01,0.01,1.52,4,2022.0,3.04,0.02
Indian Overseas Bank Apps,0.01,0.01,2.35,5,2022.0,4.7,0.02
Indian Overseas Bank Apps,0.01,0.01,2.98,6,2022.0,5.96,0.02
Indian Overseas Bank Apps,0.01,0.01,3.74,7,2022.0,7.48,0.02
Jammu and Kashmir Bank App,0.01,0.01,2.47,1,2022.0,4.94,0.02
Jammu and Kashmir Bank App,0.01,0.01,3.43,2,2022.0,6.86,0.02
Jammu and Kashmir Bank Apps,0.01,0.01,2.15,3,2022.0,4.3,0.02
Janata Sahakari Bank Apps,0.01,0.01,4.51,3,2022.0,9.02,0.02
Janata Sahakari Bank Apps,0.01,0.01,4.28,4,2022.0,8.56,0.02
Janata Sahakari Bank Apps,0.01,0.01,4.79,5,2022.0,9.58,0.02
Janata Sahakari Bank Apps,0.01,0.01,4.47,6,2022.0,8.94,0.02
Janata Sahakari Bank Apps,0.01,0.01,4.15,7,2022.0,8.3,0.02
Janta Sahakari Bank App,0.01,0.01,4.46,1,2022.0,8.92,0.02
Janta Sahakari Bank App,0.01,0.01,4.33,2,2022.0,8.66,0.02
Jio Payments Bank App,2.05,2.05,114.39,1,2022.0,228.78,4.1
Jio Payments Bank App,1.97,1.97,111.85,2,2022.0,223.7,3.94
Jio Payments Bank Apps,2.27,2.27,129.5,3,2022.0,259.0,4.54
Jio Payments Bank Apps,2.1,2.1,126.25,4,2022.0,252.5,4.2
Jio Payments Bank Apps,2.08,2.08,127.88,5,2022.0,255.76,4.16
Jio Payments Bank Apps,1.87,1.87,116.34,6,2022.0,232.68,3.74
Jio Payments Bank Apps,1.9,1.9,116.59,7,2022.0,233.18,3.8
Jupiter,1.32,1.32,164.8,3,2022.0,329.6,2.64
Jupiter,1.47,1.47,186.13,4,2022.0,372.26,2.94
Jupiter,1.79,1.79,215.44,5,2022.0,430.88,3.58
Jupiter,1.89,1.89,223.22,6,2022.0,446.44,3.78
Jupiter,2.1,2.1,254.14,7,2022.0,508.28,4.2
Jupiter Edge (LivQuick PPI App),0.01,0.01,0.43,4,2022.0,0.86,0.02
Jupiter Edge (LivQuick PPI),0.1,0.1,5.74,5,2022.0,11.48,0.2
Jupiter Edge (LivQuick PPI),0.13,0.13,8.72,6,2022.0,17.44,0.26
Jupiter Money,1.02,1.02,156.15,1,2022.0,312.3,2.04
Jupiter Money,1.13,1.13,140.79,2,2022.0,281.58,2.26
Karnataka Bank App,0.25,0.25,31.19,1,2022.0,62.38,0.5
Karnataka Bank App,0.25,0.25,31.35,2,2022.0,62.7,0.5
Karnataka Bank Apps,0.3,0.3,37.96,3,2022.0,75.92,0.6
Karnataka Bank Apps,0.27,0.27,35.58,4,2022.0,71.16,0.54
Karnataka Bank Apps,0.33,0.33,40.34,5,2022.0,80.68,0.66
Karnataka Bank Apps,0.32,0.32,43.13,6,2022.0,86.26,0.64
Karnataka Bank Apps,0.35,0.35,48.01,7,2022.0,96.02,0.7
Karur Vysya Bank App,0.04,0.04,17.37,1,2022.0,34.74,0.08
Karur Vysya Bank App,0.04,0.04,17.17,2,2022.0,34.34,0.08
Karur Vysya Bank Apps,0.04,0.04,18.29,3,2022.0,36.58,0.08
Karur Vysya Bank Apps,0.04,0.04,18.54,4,2022.0,37.08,0.08
Karur Vysya Bank Apps,0.04,0.04,17.69,5,2022.0,35.38,0.08
Karur Vysya Bank Apps,0.04,0.04,15.91,6,2022.0,31.82,0.08
Karur Vysya Bank Apps,0.04,0.04,15.66,7,2022.0,31.32,0.08
MakeMy Trip,0.06,0.06,19.63,1,2022.0,39.26,0.12
MakeMy Trip,0.08,0.08,33.03,2,2022.0,66.06,0.16
MakeMyTrip,0.1,0.1,47.1,3,2022.0,94.2,0.2
MakeMyTrip,0.09,0.09,41.18,4,2022.0,82.36,0.18
MakeMyTrip,0.09,0.09,43.26,5,2022.0,86.52,0.18
MakeMyTrip,0.11,0.11,51.45,6,2022.0,102.9,0.22
MakeMyTrip,0.13,0.13,58.19,7,2022.0,116.38,0.26
MI Pay,0.27,0.27,40.51,1,2022.0,81.02,0.54
MI Pay,0.25,0.25,38.46,2,2022.0,76.92,0.5
MI Pay,0.24,0.24,36.02,3,2022.0,72.04,0.48
MI Pay,0.19,0.19,28.58,4,2022.0,57.16,0.38
MI Pay,0.2,0.2,33.9,5,2022.0,67.8,0.4
MI Pay,0.17,0.17,29.61,6,2022.0,59.22,0.34
MI Pay,0.16,0.16,26.98,7,2022.0,53.96,0.32
Mobikwik,3.87,3.87,886.55,1,2022.0,1773.1,7.74
Mobikwik,3.78,3.78,755.89,2,2022.0,1511.78,7.56
Mobikwik,3.6,3.6,739.25,3,2022.0,1478.5,7.2
Mobikwik,2.37,2.37,421.47,4,2022.0,842.94,4.74
Mobikwik,2.46,2.46,397.7,5,2022.0,795.4,4.92
Mobikwik,2.31,2.31,404.63,6,2022.0,809.26,4.62
Mobikwik,2.48,2.48,462.17,7,2022.0,924.34,4.96
NSDL Payments Bank App,0.02,0.02,1.45,1,2022.0,2.9,0.04
NSDL Payments Bank App,0.02,0.02,1.77,2,2022.0,3.54,0.04
NSDL Payments Bank Apps,0.02,0.02,2.28,3,2022.0,4.56,0.04
NSDL Payments Bank Apps,0.02,0.02,2.32,4,2022.0,4.64,0.04
NSDL Payments Bank Apps,0.02,0.02,2.39,5,2022.0,4.78,0.04
NSDL Payments Bank Apps,0.02,0.02,2.44,6,2022.0,4.88,0.04
NSDL Payments Bank Apps,0.02,0.02,3.5,7,2022.0,7.0,0.04
Others,0.02,0.02,9.08,1,2022.0,18.16,0.04
Others,0.02,0.02,8.15,2,2022.0,16.3,0.04
Others,0.02,0.02,8.11,3,2022.0,16.22,0.04
Others,0.02,0.02,8.26,4,2022.0,16.52,0.04
Others,0.03,0.03,10.7,5,2022.0,21.4,0.06
Others,0.02,0.02,6.34,6,2022.0,12.68,0.04
Others,0.02,0.02,5.15,7,2022.0,10.3,0.04
Punjab National Bank App,0.09,0.09,44.86,1,2022.0,89.72,0.18
Punjab National Bank App,0.08,0.08,43.49,2,2022.0,86.98,0.16
Punjab National Bank Apps,0.09,0.09,46.64,3,2022.0,93.28,0.18
Punjab National Bank Apps,0.09,0.09,46.27,4,2022.0,92.54,0.18
Punjab National Bank Apps,0.09,0.09,43.77,5,2022.0,87.54,0.18
Punjab National Bank Apps,0.08,0.08,40.68,6,2022.0,81.36,0.16
Punjab National Bank Apps,0.07,0.07,35.7,7,2022.0,71.4,0.14
Punjab Sind Bank Apps,0.01,0.01,3.8,3,2022.0,7.6,0.02
Punjab Sind Bank Apps,0.01,0.01,5.38,4,2022.0,10.76,0.02
Punjab Sind Bank Apps,0.01,0.01,6.39,5,2022.0,12.78,0.02
Punjab Sind Bank Apps,0.01,0.01,5.93,6,2022.0,11.86,0.02
Punjab Sind Bank Apps,0.01,0.01,4.03,7,2022.0,8.06,0.02
Punjab Sindh Bank App,0.01,0.01,2.87,1,2022.0,5.74,0.02
Punjab Sindh Bank Apps,0.01,0.01,2.66,2,2022.0,5.32,0.02
RBL Bank App,0.42,0.43,101.45,1,2022.0,202.9,0.85
RBL Bank App,0.51,0.51,107.25,2,2022.0,214.5,1.02
RBL Bank Apps,0.46,0.46,126.75,3,2022.0,253.49,0.92
RBL Bank Apps,0.3,0.3,113.65,4,2022.0,227.3,0.6
RBL Bank Apps,0.32,0.38,125.39,5,2022.0,249.4,0.7
RBL Bank Apps,0.35,0.42,123.89,6,2022.0,244.89,0.77
RBL Bank Apps,0.52,0.54,121.17,7,2022.0,241.65,1.06
Samsung Pay,3.17,3.17,431.07,1,2022.0,862.14,6.34
Samsung Pay,3.14,3.14,421.97,2,2022.0,843.94,6.28
Samsung Pay,3.73,3.73,473.5,3,2022.0,947.0,7.46
Samsung Pay,3.81,3.81,470.11,4,2022.0,940.22,7.62
Samsung Pay,4.11,4.11,490.3,5,2022.0,980.6,8.22
Samsung Pay,4.07,4.07,468.23,6,2022.0,936.46,8.14
Samsung Pay,4.05,4.05,472.39,7,2022.0,944.78,8.1
South Indian Bank App,0.13,0.13,41.4,1,2022.0,82.8,0.26
South Indian Bank App,0.12,0.12,38.69,2,2022.0,77.38,0.24
South Indian Bank Apps,0.13,0.13,44.63,3,2022.0,89.26,0.26
South Indian Bank Apps,0.13,0.13,45.03,4,2022.0,90.06,0.26
South Indian Bank Apps,0.14,0.14,49.73,5,2022.0,99.46,0.28
South Indian Bank Apps,0.14,0.14,46.66,6,2022.0,93.32,0.28
South Indian Bank Apps,0.15,0.15,46.97,7,2022.0,93.94,0.3
Standard Chartered Bank App,0.11,0.11,60.49,1,2022.0,120.98,0.22
Standard Chartered Bank App,0.12,0.12,64.7,2,2022.0,129.4,0.24
Standard Chartered Bank Apps,0.13,0.13,69.84,3,2022.0,139.68,0.26
Standard Chartered Bank Apps,0.12,0.12,68.15,4,2022.0,136.3,0.24
Standard Chartered Bank Apps,0.13,0.13,70.48,5,2022.0,140.96,0.26
Standard Chartered Bank Apps,0.13,0.13,69.13,6,2022.0,138.26,0.26
Standard Chartered Bank Apps,0.14,0.14,74.11,7,2022.0,148.22,0.28
SuperPay,0.1,0.1,0.64,3,2022.0,1.28,0.2
SuperPay,0.02,0.02,0.4,4,2022.0,0.8,0.04
Tamilnad Mercantile Bank Apps,0.01,0.01,0.26,4,2022.0,0.52,0.02
Tamilnad Mercantile Bank Apps,0.01,0.01,1.13,5,2022.0,2.26,0.02
Tamilnad Mercantile Bank Apps,0.03,0.03,4.02,6,2022.0,8.04,0.06
Tamilnad Mercantile Bank Apps,0.05,0.05,6.78,7,2022.0,13.56,0.1
TataNeu,0.35,0.35,32.82,4,2022.0,65.64,0.7
TataNeu,0.22,0.22,30.33,5,2022.0,60.66,0.44
TataNeu,0.12,0.12,19.41,6,2022.0,38.82,0.24
TataNeu,0.11,0.11,17.26,7,2022.0,34.52,0.22
TJSB Bank Apps,0.01,0.01,2.1,6,2022.0,4.2,0.02
TJSB Bank Apps,0.01,0.01,2.26,7,2022.0,4.52,0.02
UCO Bank App,0.16,0.16,37.26,1,2022.0,74.52,0.32
UCO Bank App,0.16,0.16,35.05,2,2022.0,70.1,0.32
UCO Bank Apps,0.19,0.19,40.88,3,2022.0,81.76,0.38
UCO Bank Apps,0.21,0.21,41.48,4,2022.0,82.96,0.42
UCO Bank Apps,0.22,0.22,46.39,5,2022.0,92.78,0.44
UCO Bank Apps,0.22,0.22,42.3,6,2022.0,84.6,0.44
UCO Bank Apps,0.22,0.22,46.83,7,2022.0,93.66,0.44
Ultracash,2.14,2.14,177.63,1,2022.0,355.26,4.28
Ultracash,1.51,1.51,158.7,2,2022.0,317.4,3.02
Ultracash,0.03,0.03,1.12,3,2022.0,2.24,0.06
Ultracash,0.03,0.03,2.22,4,2022.0,4.44,0.06
Ultracash,0.05,0.05,4.4,5,2022.0,8.8,0.1
Ultracash,0.03,0.03,3.32,6,2022.0,6.64,0.06
Ultracash,0.03,0.03,2.08,7,2022.0,4.16,0.06
Union Bank Apps,0.39,0.39,182.27,1,2022.0,364.54,0.78
Union Bank Apps,0.35,0.35,166.72,2,2022.0,333.44,0.7
Union Bank Apps,0.41,0.41,197.01,3,2022.0,394.02,0.82
Union Bank Apps,0.42,0.42,198.34,4,2022.0,396.68,0.84
Union Bank Apps,0.45,0.45,211.85,5,2022.0,423.7,0.9
Union Bank Apps,0.45,0.45,199.8,6,2022.0,399.6,0.9
Union Bank Apps,0.49,0.49,208.03,7,2022.0,416.06,0.98
Utkarsh Small Finance Bank,0.01,0.01,2.42,2,2022.0,4.84,0.02
Utkarsh Small Finance Bank Apps,0.01,0.01,3.9,3,2022.0,7.8,0.02
Utkarsh Small Finance Bank Apps,0.01,0.01,3.88,4,2022.0,7.76,0.02
Utkarsh Small Finance Bank Apps,0.01,0.01,4.43,5,2022.0,8.86,0.02
Utkarsh Small Finance Bank Apps,0.01,0.01,3.47,6,2022.0,6.94,0.02
Utkarsh Small Finance Bank Apps,0.02,0.02,4.55,7,2022.0,9.1,0.04
WhatsApp,2.34,2.34,205.83,1,2022.0,411.66,4.68
WhatsApp,2.24,2.24,207.09,2,2022.0,414.18,4.48
WhatsApp,2.54,2.54,239.78,3,2022.0,479.56,5.08
WhatsApp,2.5,2.5,242.4,4,2022.0,484.8,5.0
WhatsApp,3.48,3.48,294.98,5,2022.0,589.96,6.96
WhatsApp,23.04,23.04,429.06,6,2022.0,858.12,46.08
WhatsApp,6.18,6.18,502.0,7,2022.0,1004.0,12.36
YuvaPay,0.05,0.05,77.12,1,2022.0,154.24,0.1
YuvaPay,0.05,0.05,89.7,2,2022.0,179.4,0.1
YuvaPay,0.06,0.06,105.39,3,2022.0,210.78,0.12
YuvaPay,0.06,0.06,103.34,4,2022.0,206.68,0.12
YuvaPay,0.04,0.04,88.95,5,2022.0,177.9,0.08
YuvaPay,0.03,0.03,58.31,6,2022.0,116.62,0.06
